[
    {
        "title": "Tommy the Tomato's Big Adventure.",
        "genre": "Children",
        "story": [
            "In a sunny garden, there lived a plump and juicy tomato named Tommy. He was known for his bright red color and cheerful personality. Every day, Tommy would watch the world beyond the garden gate, dreaming of adventures in the big, wide world.",
            "One day, a curious squirrel named Sammy scampered into the garden. Tommy, eager for adventure, asked Sammy to take him along on his explorations. With a bit of effort, Sammy managed to free Tommy from his vine, and together they set off on an exciting journey.",
            "They traveled through lush fields, crossed babbling brooks, and met many new friends along the way. Tommy's vibrant color and delicious taste brought joy to everyone they encountered. After a fun-filled day, Tommy realized that while adventures were thrilling, there was no place like home. He returned to his garden, filled with stories to share and happy memories of his big adventure."
        ]
    },
    {
        "title": "Betty the Broccoli's Brave Day.",
        "genre": "Children",
        "story": [
            "In a bustling vegetable patch, Betty the Broccoli was known for her courage and determination. While the other vegetables were content to grow and be harvested, Betty always dreamed of doing something extraordinary.",
            "One sunny morning, a group of naughty rabbits invaded the patch, munching on everything in sight. The other vegetables were terrified, but not Betty. She stood tall and devised a clever plan to scare the rabbits away. With the help of her friends, she created a makeshift scarecrow from old leaves and sticks.",
            "The rabbits, frightened by the sudden appearance of the scarecrow, scampered away, leaving the vegetable patch in peace. Betty's bravery saved the day, and she became a hero among her friends. From that day forward, the patch was a safe and happy place, thanks to Betty the Broccoli's brave heart."
        ]
    }
]
