[
    {
        "title": "The Enchanted Meadow.",
        "genre": "Fairies",
        "story": [
            "In a hidden meadow deep within the forest, the fairies gathered under the full moon. Their wings shimmered with iridescent light as they danced in circles, their laughter echoing through the night. The meadow was a place of magic, where time seemed to stand still, and the air was filled with the scent of wildflowers.",
            "At the heart of the meadow stood an ancient oak tree, its branches spreading wide like a protective guardian. The fairies believed it to be the source of their magic, and they often left offerings of petals and dew drops at its roots. One night, a human child stumbled into the meadow, eyes wide with wonder at the sight before her.",
            "The fairies were startled at first but soon realized the child meant no harm. They welcomed her into their circle, and for that night, she danced and laughed with them. As dawn approached, the child was gently guided back to her world, but she carried with her a small vial of fairy dust, a reminder of the magical night she would never forget."
        ]
    },
    {
        "title": "The Fairy's Gift.",
        "genre": "Fairies",
        "story": [
            "Once in a small village on the edge of a great forest, there lived a kind-hearted girl named Ella. One evening, while gathering herbs, she found a tiny, injured fairy lying beneath a toadstool. Ella gently picked up the fairy and took her home, tending to her wounds with utmost care.",
            "The fairy, grateful for Ella's kindness, decided to grant her a wish. Ella, who had always dreamed of helping her village, wished for a bountiful harvest to end the villagers' hunger. With a wave of her delicate hand, the fairy blessed the fields, and soon, the crops began to grow in abundance.",
            "The village thrived, and Ella became known as the girl who saved them all. The fairy visited Ella often, and their bond grew strong. Together, they brought prosperity and happiness to the village, and Ella's story was passed down through generations as a testament to the power of kindness and friendship."
        ]
    }
]
