[
    {
        "title": "The Dragon's Secret.",
        "genre": "Fantasy",
        "story": [
            "In the kingdom of Eldoria, dragons were revered as wise and powerful beings. One such dragon, named Thalor, lived atop a mountain and guarded a secret that could change the fate of the kingdom. Only the bravest dared to seek him out, hoping to uncover his wisdom.",
            "One day, a young knight named Aric embarked on a journey to find Thalor. After days of treacherous climbing, he finally reached the dragon's lair. Thalor, intrigued by Aric's determination, agreed to share his secret if the knight could answer a riddle. Aric pondered the riddle, his mind racing to find the answer.",
            "When Aric solved the riddle, Thalor revealed that the true power of Eldoria lay in the unity of its people. With this knowledge, Aric returned to the kingdom and worked to unite the divided factions. Peace and prosperity followed, and Aric's journey to Thalor became a legendary tale of bravery and wisdom in Eldoria."
        ]
    },
    {
        "title": "The Enchanted Forest.",
        "genre": "Fantasy",
        "story": [
            "Deep within the enchanted forest of Valtara, magical creatures thrived in harmony. The forest was protected by an ancient spell cast by the elves, ensuring that no harm would come to its inhabitants. Among the creatures was Luna, a young elf with a gift for communicating with animals.",
            "One day, Luna discovered that the spell was weakening, and a dark force was threatening the forest. Determined to save her home, she set out on a quest to find the source of the darkness. Along the way, she befriended a talking owl named Orion, who guided her through the forest's hidden paths.",
            "Together, they faced numerous challenges and uncovered the dark force's origin: a sorcerer seeking to harness the forest's magic for himself. With courage and the help of her new friends, Luna confronted the sorcerer and restored the spell's strength. The forest was saved, and Luna's bravery became a celebrated story among the elves of Valtara."
        ]
    }
]
