[
    {
        "title": "The Secret of Silverwood Forest",
        "genre": "Magic",
        "story": [
            "Deep within the heart of Silverwood Forest, where the ancient trees whispered secrets and the streams sang melodies of old, there lay a hidden realm of magic. It was a place untouched by time, where the spirits of nature roamed freely.",
            "One day, a curious young mage named Arin ventured into the forest in search of rare herbs. As he wandered deeper into the woods, he stumbled upon a shimmering portal obscured by ivy and moss. Intrigued, Arin stepped through the portal and found himself in a world unlike any other.",
            "In this enchanted realm, creatures of myth and legend coexisted in harmony with nature. Arin befriended a wise old dragon who shared with him the ancient knowledge of the forest. Together, they embarked on a quest to protect the balance of magic from dark forces that threatened to disrupt it.",
            "Through trials and tribulations, Arin discovered his own latent powers and learned the true meaning of courage and sacrifice. With the help of his newfound friends, he vanquished the darkness and restored peace to Silverwood Forest. And though he returned to the mortal realm, Arin carried with him the memories of his extraordinary adventure, forever changed by the magic of the forest."
        ]
    },
    {
        "title": "The Song of the Celestial Sirens",
        "genre": "Fantasy",
        "story": [
            "In a realm beyond the stars, where galaxies danced in cosmic harmony and constellations told tales of ancient lore, there existed a celestial choir known as the Sirens of the Cosmos. Their voices were like celestial melodies that echoed across the universe, guiding lost souls and inspiring cosmic wonders.",
            "One fateful night, a young astronomer named Lyra gazed upon the heavens and heard the enchanting song of the Celestial Sirens. Mesmerized by their ethereal beauty, she embarked on a quest to seek out the source of the celestial melody.",
            "Guided by the stars, Lyra traversed the vast expanse of space, encountering celestial beings and cosmic wonders beyond her wildest dreams. Along her journey, she learned the ancient language of the stars and unlocked the secrets of the universe.",
            "At last, Lyra reached the celestial realm where the Sirens dwelled, and there, she joined their chorus, her voice blending with theirs in perfect harmony. Together, they sang the Song of Creation, weaving galaxies and shaping the fabric of reality itself.",
            "And though Lyra returned to her mortal life, she carried with her the wisdom of the cosmos and the eternal melody of the Celestial Sirens, a reminder of the boundless wonders that lie beyond the reaches of the known universe."
        ]
    },
    {
        "title": "The Kingdom of Eternal Twilight",
        "genre": "Adventure",
        "story": [
            "In a distant realm shrouded in perpetual twilight, where the sun and moon shared the sky in eternal dance, there existed a kingdom of unparalleled beauty and mystery. Its towering spires reached for the heavens, while its gardens bloomed with flowers that glowed with an otherworldly light.",
            "In this kingdom ruled by the enigmatic Queen Seraphina, shadows held secrets and dreams held power. It was said that those who dared to venture into the depths of the kingdom's labyrinthine halls would uncover their deepest desires and darkest fears.",
            "One brave adventurer, a young knight named Orion, embarked on a quest to uncover the truth behind the kingdom's eternal twilight. Armed with courage and determination, he journeyed through the kingdom's enchanted forests and treacherous mountains, facing trials and temptations along the way.",
            "At last, Orion reached the heart of the kingdom, where Queen Seraphina awaited him in her throne room bathed in twilight. There, he learned the truth of the kingdom's existence: it was a place caught between the realms of light and darkness, a beacon of balance in a world of chaos.",
            "With newfound understanding, Orion pledged to protect the kingdom and its delicate balance for all eternity. And though he returned to the mortal realm, his heart remained in the Kingdom of Eternal Twilight, forever bound to its mysteries and magic."
        ]
    }
]
