[
    {
        "title": "The Great Pie Catastrophe.",
        "genre": "Funny",
        "story": [
            "In the small town of Wobbleton, the annual pie-eating contest was the highlight of the year. Everyone looked forward to it, especially the reigning champion, Big Bob. This year, however, a new contender stepped up: Tiny Tim, known for his enormous appetite despite his small size.",
            "As the contest began, pies of all flavors were lined up on the tables, and the contestants dove in. Big Bob and Tiny Tim quickly became the main attraction, with the crowd cheering them on. Just as it seemed Bob would win again, Tiny Tim unleashed his secret weapon: a speed-eating technique he had perfected over the years.",
            "In the final moments, Tiny Tim surged ahead, devouring pies at an astonishing rate. The crowd went wild as he finished his last pie, leaving Big Bob in the dust. Tim was declared the new champion, and his victory became the stuff of legends in Wobbleton. The Great Pie Catastrophe, as it was later called, was remembered as the funniest and most unexpected win in the town's history."
        ]
    },
    {
        "title": "The Misadventures of Mr. Whiskers.",
        "genre": "Funny",
        "story": [
            "Mr. Whiskers was the town's most mischievous cat, always finding himself in the silliest of predicaments. One sunny afternoon, he decided to explore the local bakery, drawn by the delicious smells wafting from the kitchen. Sneaking in through an open window, he quickly found himself face-to-face with a mountain of freshly baked goods.",
            "Unable to resist, Mr. Whiskers leaped onto a tray of pastries, causing it to topple over with a loud crash. Flour and sugar flew everywhere, and the bakers chased him around the kitchen, slipping and sliding in the mess. Mr. Whiskers darted from counter to counter, leaving a trail of chaos in his wake.",
            "Just as the bakers thought they had him cornered, Mr. Whiskers made a daring escape through the same window he had entered. Covered in flour but victorious, he returned home, where he was greeted by his amused owner. The bakery incident became the talk of the town, and Mr. Whiskers' latest misadventure added another chapter to his legendary escapades."
        ]
    }
]
