[
    {
        "title": "The Siege of Castle Blackwood",
        "genre": "Historical",
        "story": [
            "During the tumultuous years of medieval Europe, Castle Blackwood stood as a formidable fortress, guarding the northern borders of the kingdom. The castle was ruled by Lord Richard, a wise and courageous leader. One harsh winter, the castle came under siege by a rival lord seeking to expand his territory.",
            "The siege dragged on for months, with supplies dwindling and morale low. Despite the dire situation, Lord Richard remained resolute. He devised a clever strategy to outsmart the besieging forces. Using secret tunnels beneath the castle, he led a small group of soldiers on a daring night raid to sabotage the enemy's supply lines.",
            "The plan succeeded, causing chaos and confusion among the besiegers. With their supplies cut off and morale shattered, the rival lord's forces retreated. Castle Blackwood stood strong, and Lord Richard's ingenuity and bravery became legendary. The story of the siege was passed down through generations, a testament to the resilience and cunning of its defenders."
        ]
    },
    {
        "title": "The Discovery of the Rosetta Stone",
        "genre": "Historical",
        "story": [
            "In the summer of 1799, while excavating near the town of Rosetta in Egypt, a group of French soldiers stumbled upon a remarkable artifact: a large stone slab inscribed with mysterious symbols. The stone, later known as the Rosetta Stone, would become one of the most significant archaeological finds in history.",
            "The stone bore inscriptions in three scripts: Greek, Demotic, and hieroglyphics. Scholars were fascinated, realizing that it could hold the key to deciphering the long-lost language of ancient Egypt. The race to unlock its secrets began, with linguists and historians across Europe working tirelessly to translate the inscriptions.",
            "After years of painstaking work, French scholar Jean-François Champollion succeeded in cracking the code in 1822. His breakthrough allowed historians to read and understand ancient Egyptian texts for the first time in centuries. The discovery of the Rosetta Stone opened a window into Egypt's rich history and culture, revolutionizing the field of Egyptology."
        ]
    }
]
