[
    {
        "title": "The Whispering Shadows.",
        "genre": "Horror",
        "story": [
            "In the quiet town of Ravenswood, there was an old mansion that stood abandoned for decades. Locals whispered that it was haunted by the spirits of those who had perished within its walls. One stormy night, a group of teenagers decided to explore the mansion, seeking thrills and chills.",
            "As they ventured deeper into the mansion, the air grew colder, and shadows seemed to move on their own. Whispers echoed through the halls, chilling them to the bone. Suddenly, one of the teens, Emma, felt a cold hand on her shoulder. She turned around, but no one was there.",
            "Panic set in, and they all ran for the exit, but the door slammed shut before they could escape. The whispers grew louder, revealing a tragic tale of betrayal and murder. Just as they thought all hope was lost, a ghostly figure appeared, guiding them to a hidden exit. They fled the mansion, vowing never to return, haunted by the whispering shadows for the rest of their lives."
        ]
    },
    {
        "title": "The Cursed Mirror.",
        "genre": "Horror",
        "story": [
            "Lena had always been fascinated by antiques, so when she found an ornate mirror at a flea market, she bought it without hesitation. The mirror had a dark, intricate frame, and its surface seemed to shimmer with an eerie light. She hung it in her bedroom, unaware of the horrors it would bring.",
            "That night, Lena awoke to strange noises and saw a shadowy figure moving in the mirror. Terrified, she tried to look away, but her eyes were drawn to the glass. The figure's face was twisted with malice, and it seemed to be trying to reach out to her. She felt a cold chill as the figure whispered her name.",
            "Desperate, Lena researched the mirror's history and discovered it had once belonged to a sorcerer who had trapped malevolent spirits within it. She knew she had to destroy the mirror before the spirits could escape. With a heavy heart, she shattered the glass, releasing a deafening scream that echoed through her home. The spirits were gone, but Lena would always feel their lingering presence, a reminder of the cursed mirror's power."
        ]
    }
]
