[
    {
        "title": "The Case of the Missing Necklace.",
        "genre": "Mystery",
        "story": [
            "Detective Clara was known for her sharp mind and keen eye for detail. One morning, she received a call about a missing necklace belonging to Lady Harrington, a valuable heirloom passed down through generations. Clara quickly arrived at the Harrington estate to begin her investigation.",
            "She questioned the household staff and examined the scene, noticing a few peculiar details: a window slightly ajar, footprints in the garden, and a faint scent of lavender. Clara pieced together the clues and realized that the thief was someone familiar with the house's layout and routines.",
            "With a clever plan, Clara set a trap for the culprit. That night, she caught the housemaid, who confessed to stealing the necklace out of desperation to pay off debts. The necklace was recovered, and Lady Harrington was grateful. Clara's reputation as a brilliant detective grew, and she continued to solve mysteries with her unparalleled skills."
        ]
    },
    {
        "title": "The Phantom of Greystone Manor.",
        "genre": "Mystery",
        "story": [
            "Greystone Manor had stood empty for years, shrouded in rumors of a phantom haunting its halls. When a wealthy businessman bought the manor, he hired a team of investigators to debunk the ghost stories and restore the property. Among them was Henry, a skeptical yet curious detective.",
            "The team experienced strange occurrences: flickering lights, cold drafts, and eerie whispers. Despite his skepticism, Henry found himself drawn to a locked room in the manor's attic. With determination, he picked the lock and discovered a hidden diary belonging to the manor's previous owner, a woman named Eliza.",
            "The diary revealed that Eliza had been wronged by her brother, who had stolen her inheritance and left her to die alone. Her spirit lingered, seeking justice. Henry confronted the businessman's lawyer, who turned out to be Eliza's descendant. The truth came to light, and Eliza's spirit found peace. Greystone Manor was restored, free from the phantom's haunting presence."
        ]
    }
]
