[
    {
        "title": "The Lost Fairy's Tear",
        "genre": "Fairies",
        "story": [
            "In a forest where the sunlight rarely reached the ground, there lived a solitary fairy named Liora. Unlike other fairies, Liora's wings were pale and her light dim, for she carried a heavy heart. Years ago, she had lost her best friend, a human girl named Clara, who had ventured too deep into the forest and never returned.",
            "Liora spent her days searching the forest, leaving a trail of shimmering tears in her wake. One cold winter night, Liora found a silver locket that belonged to Clara. She clutched it close, her tears falling faster as she realized Clara was gone forever.",
            "Liora's sorrow was so profound that it turned her once vibrant meadow into a quiet, somber place. The other fairies, moved by her grief, planted a circle of moonflowers around the ancient oak tree, hoping that one day, Liora would find peace. But Liora continued to wander, a lonely beacon of sadness in the enchanted forest."
        ]
    },
    {
        "title": "The Withering Garden",
        "genre": "Fairies",
        "story": [
            "In a secluded garden hidden from human eyes, a fairy named Elara tended to her beloved flowers. The garden was her sanctuary, filled with every color of bloom imaginable. However, one fateful day, a terrible drought struck the land, and the once vibrant flowers began to wilt.",
            "Elara tried everything to save her garden, using her magic to call for rain, but the sky remained cloudless. Desperation grew in her heart as each day passed, and more flowers withered away. Her fellow fairies could only watch in sorrow, unable to help.",
            "As the last flower in her garden faded, Elara's light dimmed. She sank to the ground, clutching the lifeless petals, tears streaming down her face. The garden, once a place of joy and color, became a silent monument to her heartache. Elara remained there, a mournful guardian of the withering garden, her sorrow echoing through the silent glade."
        ]
    },
    {
        "title": "The Broken Promise",
        "genre": "Fairies",
        "story": [
            "Deep within an enchanted glen, a fairy named Nyssa awaited the return of her human friend, a boy named Thomas. They had made a promise to meet again when the first snow fell. But as the years passed, Thomas never came back, leaving Nyssa waiting in vain.",
            "Each winter, Nyssa would fly to their meeting spot, her hope slowly eroding with each snowfall that passed without him. The once bright fairy grew dim, her wings losing their sparkle as the weight of broken promises burdened her heart.",
            "One particularly harsh winter, Nyssa found a letter buried in the snow. It was from Thomas, explaining that he had been forbidden to return to the glen. Heartbroken, Nyssa realized that their promise could never be fulfilled. She kept the letter close, her light now a faint glow, as she wandered the glen, a silent guardian of a promise that time could not keep."
        ]
    }
]
