[
    {
        "title": "Journey to the Stars.",
        "genre": "Science",
        "story": [
            "In a not-so-distant future, humanity had achieved the dream of interstellar travel. Captain Elena Martinez commanded the starship Celestia, tasked with exploring distant galaxies and discovering new worlds. Her crew was a diverse group of scientists, engineers, and adventurers, united by their thirst for knowledge.",
            "One day, the Celestia detected an unusual signal from a distant star system. Following the signal, they discovered a planet with conditions similar to Earth. As they descended to the surface, they marveled at the alien landscape, teeming with strange plants and creatures. The team set up a base camp and began their research, eager to uncover the planet's secrets.",
            "Their findings were groundbreaking: evidence of an ancient civilization that once thrived on the planet. Structures and artifacts hinted at advanced technology and a rich culture. The discovery had profound implications for understanding the universe and humanity's place within it. Captain Martinez and her crew knew they were part of a historic moment, their journey to the stars marking the beginning of a new era of exploration and discovery."
        ]
    },
    {
        "title": "The Mystery of the Moon Crater.",
        "genre": "Science",
        "story": [
            "Dr. Samara Blake, an esteemed astrophysicist, had always been fascinated by the moon. When an unusual crater was discovered on its surface, she eagerly joined the mission to investigate. Equipped with the latest technology, Dr. Blake and her team set up a lunar base near the crater, ready to uncover its secrets.",
            "As they examined the crater, they found traces of a strange, metallic substance embedded in the rock. Analysis revealed that it was unlike any material found on Earth, suggesting it might have come from an extraterrestrial source. The discovery sparked excitement and speculation among the team and the scientific community back on Earth.",
            "Further exploration revealed an ancient, buried structure at the crater's center, hinting at a possible alien origin. Dr. Blake's research provided invaluable insights into the moon's history and the potential for life beyond Earth. The mystery of the moon crater captivated the world, highlighting the endless possibilities of space exploration and the enduring quest for knowledge."
        ]
    }
]
